{
  "metadata": {
    "name": "Ưng Tỷ Comics",
    "author": "thuongnv_extra",
    "version": 1,
    "source": "https://ungtycomicsvip.com",
    "regexp": "(www.)?ungtycomicsvip.com/[0-9a-z-]+.html/?$",
    "description": "Đọc truyện trên trang Ưng Tỷ Comics ^.^",
    "local": "en-EN",
    "language": "javascript",
    "type": "comic"
  },
  "script": {
    "home": "home.js",
    "genre": "genre.js",
    "detail": "detail.js",
    "search": "search.js",
    "toc": "toc.js",
    "chap": "chap.js"
  }
}