{
  "metadata": {
    "name": "Pink Tea",
    "author": "thuongnv_extra",
    "version": 1,
    "source": "https://pinkteacomic.com/",
    "regexp": "(www.)?pinkteacomic.com/truyen/[0-9a-z-]+/?$",
    "description": "Đọc truyện trên trang Pink Tea ^.^",
    "local": "en-EN",
    "language": "javascript",
    "type": "comic"
  },
  "script": {
    "home": "home.js",
    "genre": "genre.js",
    "detail": "detail.js",
    "search": "search.js",
    "toc": "toc.js",
    "chap": "chap.js"
  }
}