{
  "metadata": {
    "name": "Mangadm",
    "author": "thuongnv_extra",
    "version": 1,
    "source": "https://mangadm.cc",
    "regexp": "(www.)?mangadm.cc/\\d+/\\d+/\\d+/[0-9a-z-]+/?$",
    "description": "Đọc truyện trên trang Mangadm ^.^",
    "local": "en-EN",
    "language": "javascript",
    "type": "comic"
  },
  "script": {
    "home": "home.js",
    "genre": "genre.js",
    "detail": "detail.js",
    "search": "search.js",
    "toc": "toc.js",
    "chap": "chap.js"
  }
}